-- Korábbi táblák törlése, ha esetleg már léteznének
SET FOREIGN_KEY_CHECKS = 0;
DROP TABLE IF EXISTS munkalap, hely, szerelo;
SET FOREIGN_KEY_CHECKS = 1;

-- Táblák létrehozása
CREATE TABLE hely (
  az INT PRIMARY KEY,
  telepules VARCHAR(100),
  utca VARCHAR(100)
) ENGINE=InnoDB DEFAULT CHARSET=utf8mb4 COLLATE=utf8mb4_hungarian_ci;

CREATE TABLE szerelo (
  az INT PRIMARY KEY,
  nev VARCHAR(100),
  kezdev INT
) ENGINE=InnoDB DEFAULT CHARSET=utf8mb4 COLLATE=utf8mb4_hungarian_ci;

CREATE TABLE munkalap (
  az INT AUTO_INCREMENT PRIMARY KEY,
  bedatum DATE,
  javdatum DATE,
  helyaz INT,
  szereloaz INT,
  munkaora INT,
  anyagar INT,
  FOREIGN KEY (helyaz) REFERENCES hely(az),
  FOREIGN KEY (szereloaz) REFERENCES szerelo(az)
) ENGINE=InnoDB DEFAULT CHARSET=utf8mb4 COLLATE=utf8mb4_hungarian_ci;

-- Szerelők feltöltése (Ez a teljes lista)
INSERT INTO szerelo (az, nev, kezdev) VALUES
(1, 'Tornyos Pál', 1979),
(2, 'Kormos István', 1981),
(3, 'Fodor László', 1983),
(4, 'Szabó Mihály', 1975),
(5, 'Szabó György', 2000),
(6, 'Erdei Imre', 1988);

-- Helyszínek feltöltése (A 200 soros lista eleje)
INSERT INTO hely (az, telepules, utca) VALUES
(1, 'Kőváros', 'Gyimes u. 83.'),
(2, 'Zöldhely', 'Bérc u. 96.'),
(3, 'Barackfalva', 'Erdőss u. 18.'),
(4, 'Kékség', 'Aszú u. 33.'),
(5, 'Kőváros', 'Agyag u. 71.'),
(6, 'Kékség', 'Csokor u. 4.'),
(7, 'Zöldhely', 'Gőz tér 95.'),
(8, 'Sárgahegy', 'Főnök u. 55.'),
(9, 'Sárgahegy', 'Fenyő u. 24.'),
(10, 'Sárgahegy', 'Cselló u. 25.'),
(11, 'Kőváros', 'Felvidék u. 64.'),
(12, 'Barackfalva', 'Avar u. 89.'),
(13, 'Kőváros', 'Áldás u. 25.'),
(14, 'Kékség', 'Katica u. 56.'),
(15, 'Zöldhely', 'Jupiter u. 54.'),
(16, 'Barackfalva', 'Búza u. 45.'),
(17, 'Barackfalva', 'Csángó u. 101.'),
(18, 'Barackfalva', 'Csend u. 72.'),
(19, 'Kékség', 'Bajor u. 95.'),
(20, 'Sárgahegy', 'Gyimes u. 84.'),
(21, 'Barackfalva', 'Határ u. 21.'),
(22, 'Sárgahegy', 'Kavics u. 103.'),
(23, 'Kékség', 'Kör u. 21.'),
(24, 'Barackfalva', 'Csatár u. 93.'),
(25, 'Kőváros', 'Hír u. 34.'),
(26, 'Sárgahegy', 'Bicska u. 19.'),
(27, 'Barackfalva', 'Citrus u. 61.'),
(28, 'Barackfalva', 'Fő u. 30.'),
(29, 'Barackfalva', 'Húr u. 15.'),
(30, 'Sárgahegy', 'Csordás u. 30.'),
(31, 'Sárgahegy', 'Bácskai u. 79.'),
(32, 'Kékség', 'Arnold u. 53.'),
(33, 'Barackfalva', 'Akna u. 51.'),
(34, 'Barackfalva', 'Állomás u. 58.'),
(35, 'Sárgahegy', 'Furulya u. 24.'),
(36, 'Sárgahegy', 'Gőz u. 87.'),
(37, 'Barackfalva', 'Aknász u. 101.'),
(38, 'Kőváros', 'Harcsa u. 2.'),
(39, 'Kőváros', 'Delfin u. 21.'),
(40, 'Kékség', 'Gébics u. 11.'),
(41, 'Kékség', 'Béla u. 21.'),
(42, 'Kékség', 'Barlang u. 49.'),
(43, 'Kőváros', 'Berek u. 16.'),
(44, 'Kékség', 'Igló u. 58.'),
(45, 'Barackfalva', 'Kék u. 51.'),
(46, 'Zöldhely', 'Alom u. 52.'),
(47, 'Kékség', 'Igló u. 45.'),
(48, 'Zöldhely', 'Kőszeg u. 37.'),
(49, 'Kékség', 'Kincs u. 78.'),
(50, 'Sárgahegy', 'Bendő u. 22.'),
(51, 'Kőváros', 'Kajak u. 62.'),
(52, 'Kőváros', 'Bácskai u. 75.'),
(53, 'Sárgahegy', 'Angol u. 12.'),
(54, 'Zöldhely', 'Hableányű u. 74.'),
(55, 'Kőváros', 'Fenyő u. 41.'),
(56, 'Barackfalva', 'Hattyú u. 67.'),
(57, 'Barackfalva', 'Juhos u. 80.'),
(58, 'Kékség', 'Kard u. 27.'),
(59, 'Kőváros', 'Fácán u. 44.'),
(60, 'Barackfalva', 'Ámor u. 55.'),
(61, 'Sárgahegy', 'Kemény u. 51.'),
(62, 'Zöldhely', 'Ágnes u. 4.'),
(63, 'Kékség', 'Abaújvár u. 99.'),
(64, 'Zöldhely', 'Kapitány u. 40.'),
(65, 'Sárgahegy', 'Drégely u. 33.'),
(66, 'Barackfalva', 'Hermina u. 68.'),
(67, 'Zöldhely', 'Cselló u. 53.'),
(68, 'Zöldhely', 'Csizmadia u. 34.'),
(69, 'Kékség', 'Edison u. 29.'),
(70, 'Barackfalva', 'Közraktár u. 86.'),
(71, 'Sárgahegy', 'Domb u. 16.'),
(72, 'Kékség', 'Ék u. 59.'),
(73, 'Kőváros', 'Baka u. 92.'),
(74, 'Sárgahegy', 'Akó u. 19.'),
(75, 'Zöldhely', 'Almavirág u. 57.'),
(76, 'Barackfalva', 'Farkas u. 6.'),
(77, 'Kékség', 'Kőhíd u. 4.'),
(78, 'Barackfalva', 'Kapitány u. 72.'),
(79, 'Kékség', 'Csibor u. 20.'),
(80, 'Zöldhely', 'Györök u. 62.'),
(81, 'Kőváros', 'Janicsár u. 52.'),
(82, 'Barackfalva', 'Cövek u. 45.'),
(83, 'Barackfalva', 'Angol u. 57.'),
(84, 'Barackfalva', 'Görbe u. 103.'),
(85, 'Sárgahegy', 'Bányalég u. 6.'),
(86, 'Kékség', 'Jász u. 74.'),
(87, 'Zöldhely', 'Darázs u. 88.'),
(88, 'Zöldhely', 'Ceglédi u. 52.'),
(89, 'Kékség', 'Fáklya u. 98.'),
(90, 'Kékség', 'Akó u. 60.'),
(91, 'Barackfalva', 'Bokor u. 83.'),
(92, 'Zöldhely', 'Bravó u. 89.'),
(93, 'Kőváros', 'Gyoma u. 35.'),
(94, 'Kékség', 'Gyimes u. 42.'),
(95, 'Kőváros', 'Fertő u. 54.'),
(96, 'Barackfalva', 'Árpád u. 41.'),
(97, 'Kőváros', 'Janka u. 95.'),
(98, 'Kőváros', 'Barabás u. 3.'),
(99, 'Kékség', 'Kalóz u. 46.'),
(100, 'Kőváros', 'Hintó u. 22.'),
(101, 'Sárgahegy', 'Balkán u. 65.'),
(102, 'Sárgahegy', 'Éden u. 56.'),
(103, 'Kékség', 'Kék u. 91.'),
(104, 'Barackfalva', 'Horog u. 33.'),
(105, 'Barackfalva', 'Áldomás u. 42.'),
(106, 'Kékség', 'Erős u. 92.'),
(107, 'Zöldhely', 'Csalló u. 64.'),
(108, 'Kőváros', 'Bányalég u. 22.'),
(109, 'Sárgahegy', 'Akadémia u. 45.'),
(110, 'Sárgahegy', 'Csatár u. 71.'),
(111, 'Sárgahegy', 'Baracska u. 93.'),
(112, 'Sárgahegy', 'Forrás u. 38.'),
(113, 'Kékség', 'Bárka u. 105.'),
(114, 'Zöldhely', 'Bertalan u. 14.'),
(115, 'Kékség', 'Betű u. 14.'),
(116, 'Barackfalva', 'Balaton u. 59.'),
(117, 'Kőváros', 'Kürt u. 28.'),
(118, 'Barackfalva', 'Felvidék u. 71.'),
(119, 'Kékség', 'Kádár u. 76.'),
(120, 'Zöldhely', 'Gép u. 5.'),
(121, 'Barackfalva', 'Bástya u. 39.'),
(122, 'Kékség', 'Avar u. 90.'),
(123, 'Kőváros', 'Ánizs u. 75.'),
(124, 'Barackfalva', 'Gyimes u. 95.'),
(125, 'Barackfalva', 'Alom u. 80.'),
(126, 'Zöldhely', 'Dia u. 86.'),
(127, 'Kőváros', 'Csatlós u. 93.'),
(128, 'Zöldhely', 'Furulya u. 15.'),
(129, 'Sárgahegy', 'Kisbér u. 70.'),
(130, 'Barackfalva', 'Gémes u. 102.'),
(131, 'Zöldhely', 'Had u. 89.'),
(132, 'Kékség', 'Jutas u. 48.'),
(133, 'Kékség', 'Bunda u. 104.'),
(134, 'Kékség', 'Agárdi u. 100.'),
(135, 'Kékség', 'Dália u. 11.'),
(136, 'Sárgahegy', 'Éden u. 66.'),
(137, 'Kékség', 'Kollégium u. 17.'),
(138, 'Zöldhely', 'Haladás u. 105.'),
(139, 'Kőváros', 'Ezüst u. 11.'),
(140, 'Sárgahegy', 'Cirmos u. 100.'),
(141, 'Sárgahegy', 'Kádár u. 79.'),
(142, 'Kékség', 'Boglári u. 27.'),
(143, 'Kőváros', 'Duna u. 81.'),
(144, 'Barackfalva', 'Duhaj u. 19.'),
(145, 'Kékség', 'Erdei u. 82.'),
(146, 'Barackfalva', 'Alkotás u. 62.'),
(147, 'Sárgahegy', 'Alom u. 14.'),
(148, 'Zöldhely', 'Bárka u. 101.'),
(149, 'Sárgahegy', 'Kecske u. 2.'),
(150, 'Zöldhely', 'Gyűrű u. 104.'),
(151, 'Kőváros', 'Föld u. 93.'),
(152, 'Kőváros', 'Bajnok u. 77.'),
(153, 'Kékség', 'Friss u. 88.'),
(154, 'Kőváros', 'Kulacs u. 82.'),
(155, 'Barackfalva', 'Kőszeg u. 14.'),
(156, 'Kőváros', 'Hurok u. 45.'),
(157, 'Zöldhely', 'Árasztó u. 36.'),
(158, 'Sárgahegy', 'Hó u. 95.'),
(159, 'Zöldhely', 'Kinizsi u. 62.'),
(160, 'Kőváros', 'Honvéd u. 60.'),
(161, 'Barackfalva', 'Diadal u. 79.'),
(162, 'Sárgahegy', 'Csipke u. 21.'),
(163, 'Kőváros', 'Harcsa u. 99.'),
(164, 'Barackfalva', 'Héja u. 66.'),
(165, 'Zöldhely', 'Kavics u. 43.'),
(166, 'Zöldhely', 'Állomás u. 58.'),
(167, 'Zöldhely', 'Korom u. 28.'),
(168, 'Barackfalva', 'Baba u. 62.'),
(169, 'Zöldhely', 'Borz u. 86.'),
(170, 'Sárgahegy', 'Gyöngy u. 103.'),
(171, 'Barackfalva', 'Gólya u. 66.'),
(172, 'Kőváros', 'Boglári u. 32.'),
(173, 'Barackfalva', 'Juhár u. 61.'),
(174, 'Zöldhely', 'Kázmér u. 42.'),
(175, 'Sárgahegy', 'Akácfa u. 21.'),
(176, 'Zöldhely', 'Kemence u. 94.'),
(177, 'Kékség', 'Avas u. 13.'),
(178, 'Kőváros', 'Kereplő u. 52.'),
(179, 'Barackfalva', 'Ják u. 73.'),
(180, 'Zöldhely', 'Békés u. 29.'),
(181, 'Barackfalva', 'Kő u. 62.'),
(182, 'Kőváros', 'Dia u. 80.'),
(183, 'Kőváros', 'Kérész u. 83.'),
(184, 'Kékség', 'Galamb u. 83.'),
(185, 'Sárgahegy', 'Alkotmány u. 42.'),
(186, 'Barackfalva', 'Kárász u. 104.'),
(187, 'Kékség', 'Fullajtár u. 90.'),
(188, 'Kőváros', 'Hajas u. 24.'),
(189, 'Barackfalva', 'Füles u. 18.'),
(190, 'Kékség', 'Igló u. 51.'),
(191, 'Kőváros', 'Album u. 36.'),
(192, 'Kékség', 'Fürdő u. 102.'),
(193, 'Zöldhely', 'Kúria u. 9.'),
(194, 'Sárgahegy', 'Alagút u. 96.'),
(195, 'Kékség', 'Fátyol u. 35.'),
(196, 'Barackfalva', 'Evezős u. 90.'),
(197, 'Kőváros', 'Abádi u. 96.'),
(198, 'Zöldhely', 'Almáskert u. 56.'),
(199, 'Zöldhely', 'Bokréta u. 42.'),
(200, 'Zöldhely', 'Hunyad u. 11.'),
(201, 'Kékség', 'Kék u. 33.'),
(202, 'Barackfalva', 'Altáj u. 16.'),
(203, 'Sárgahegy', 'Bányász u. 73.'),
(204, 'Barackfalva', 'Adonisz u. 38.'),
(205, 'Barackfalva', 'Báró u. 3.'),
(206, 'Zöldhely', 'Acsai u. 30.'),
(207, 'Zöldhely', 'Hont u. 73.'),
(208, 'Barackfalva', 'Janicsár u. 74.'),
(209, 'Barackfalva', 'Ádám u. 9.'),
(210, 'Zöldhely', 'Eke u. 2.'),
(211, 'Kőváros', 'Avar u. 39.'),
(212, 'Sárgahegy', 'Bányalég u. 21.'),
(213, 'Sárgahegy', 'Balta u. 28.'),
(214, 'Barackfalva', 'Juhár u. 82.'),
(215, 'Kékség', 'Kép u. 57.'),
(216, 'Sárgahegy', 'Gát u. 31.'),
(217, 'Kékség', 'Berek u. 37.'),
(218, 'Kőváros', 'Jeges u. 7.'),
(219, 'Sárgahegy', 'Kadar u. 63.'),
(220, 'Barackfalva', 'Kupa u. 19.'),
(221, 'Sárgahegy', 'Farkas u. 90.'),
(222, 'Kékség', 'Iharos u. 64.'),
(223, 'Zöldhely', 'Kadar u. 101.'),
(224, 'Kőváros', 'Hont u. 96.'),
(225, 'Kékség', 'Kelep u. 37.'),
(226, 'Kékség', 'Harag u. 78.'),
(227, 'Barackfalva', 'Labanc u. 105.'),
(228, 'Barackfalva', 'Éden u. 92.'),
(229, 'Zöldhely', 'Batár u. 59.'),
(230, 'Sárgahegy', 'Bodrogi u. 83.'),
(231, 'Barackfalva', 'Irány u. 20.'),
(232, 'Sárgahegy', 'Bükkfa u. 96.'),
(233, 'Zöldhely', 'Kánya u. 88.'),
(234, 'Kékség', 'Hárs u. 89.'),
(235, 'Zöldhely', 'Csillám u. 75.'),
(236, 'Kőváros', 'Kopáncs u. 74.'),
(237, 'Zöldhely', 'Ár u. 32.'),
(238, 'Sárgahegy', 'Határ u. 95.'),
(239, 'Zöldhely', 'Körte u. 11.'),
(240, 'Kékség', 'Evezős u. 51.'),
(241, 'Sárgahegy', 'Béla u. 81.'),
(242, 'Barackfalva', 'Almádi u. 10.'),
(243, 'Barackfalva', 'Csíz u. 103.'),
(244, 'Zöldhely', 'Hamu u. 38.'),
(245, 'Sárgahegy', 'Ék u. 56.'),
(246, 'Zöldhely', 'Gép u. 95.'),
(247, 'Sárgahegy', 'Csatlós u. 16.'),
(248, 'Sárgahegy', 'Csoma u. 29.'),
(249, 'Kékség', 'Ember u. 57.'),
(250, 'Zöldhely', 'Avar u. 99.'),
(251, 'Barackfalva', 'Báró u. 27.'),
(252, 'Barackfalva', 'Bányász u. 56.'),
(253, 'Sárgahegy', 'Árendás u. 53.'),
(254, 'Barackfalva', 'Csáklya u. 45.'),
(255, 'Sárgahegy', 'Emese u. 35.'),
(256, 'Kőváros', 'Babvirág u. 1.'),
(257, 'Barackfalva', 'Bója u. 82.'),
(258, 'Barackfalva', 'Fullánk u. 35.'),
(259, 'Sárgahegy', 'Kör u. 101.'),
(260, 'Zöldhely', 'Gépész u. 43.'),
(261, 'Barackfalva', 'Hó u. 98.'),
(262, 'Kékség', 'Kemény u. 99.'),
(263, 'Barackfalva', 'Gordonka u. 63.'),
(264, 'Sárgahegy', 'Karikás u. 89.'),
(265, 'Sárgahegy', 'Húr u. 35.'),
(266, 'Kőváros', 'Cirmos u. 103.'),
(267, 'Kőváros', 'Csille u. 38.'),
(268, 'Sárgahegy', 'Dália u. 79.'),
(269, 'Kékség', 'Csákó u. 3.'),
(270, 'Kőváros', 'Abonyi u. 66.'),
(271, 'Zöldhely', 'Irtás u. 100.'),
(272, 'Zöldhely', 'Égető u. 97.'),
(273, 'Kőváros', 'Kaszinó u. 85.'),
(274, 'Sárgahegy', 'Erős u. 21.'),
(275, 'Zöldhely', 'Gitár u. 47.'),
(276, 'Kőváros', 'Ezüst u. 22.'),
(277, 'Kőváros', 'Köles u. 24.'),
(278, 'Barackfalva', 'Csatlós u. 28.'),
(279, 'Kékség', 'Iparos u. 11.'),
(280, 'Kékség', 'Dűlő u. 2.'),
(281, 'Zöldhely', 'Ármin u. 97.'),
(282, 'Barackfalva', 'Ezredes u. 41.'),
(283, 'Zöldhely', 'Alba u. 52.'),
(284, 'Barackfalva', 'Koboz u. 87.'),
(285, 'Barackfalva', 'Kohó u. 65.'),
(286, 'Sárgahegy', 'Agyagos u. 90.'),
(287, 'Kőváros', 'Járőr u. 51.'),
(288, 'Kőváros', 'Közraktár u. 30.'),
(289, 'Sárgahegy', 'Diós u. 59.'),
(290, 'Kőváros', 'Jég u. 11.'),
(291, 'Zöldhely', 'Ártér u. 105.'),
(292, 'Sárgahegy', 'Jobbágy u. 58.'),
(293, 'Barackfalva', 'Duna u. 27.'),
(294, 'Kőváros', 'Arató u. 67.'),
(295, 'Kékség', 'Gordonka u. 58.'),
(296, 'Zöldhely', 'Bogár u. 8.'),
(297, 'Kékség', 'Bertalan u. 85.'),
(298, 'Zöldhely', 'Ádám u. 70.'),
(299, 'Zöldhely', 'Kocka u. 93.'),
(300, 'Barackfalva', 'Fillér u. 85.'),
(301, 'Kőváros', 'Juhár u. 29.'),
(302, 'Kékség', 'Főnök u. 84.'),
(303, 'Zöldhely', 'Balaton u. 42.'),
(304, 'Sárgahegy', 'Gébics u. 79.'),
(305, 'Zöldhely', 'Kőzet u. 71.'),
(306, 'Kékség', 'Akácvirág u. 42.'),
(307, 'Barackfalva', 'Határ u. 1.'),
(308, 'Kékség', 'Kristály u. 14.'),
(309, 'Kékség', 'Áldás u. 81.'),
(310, 'Sárgahegy', 'Fürdő u. 70.'),
(311, 'Kékség', 'Akác u. 74.'),
(312, 'Sárgahegy', 'Gyöngyvirág u. 72.'),
(313, 'Kőváros', 'Ananász u. 67.'),
(314, 'Kőváros', 'Bajmóczy u. 33.'),
(315, 'Barackfalva', 'Kupa u. 105.'),
(316, 'Barackfalva', 'Jutas u. 95.'),
(317, 'Kékség', 'Gyűszű u. 61.'),
(318, 'Sárgahegy', 'Gém u. 53.'),
(319, 'Sárgahegy', 'Bendő u. 100.'),
(320, 'Barackfalva', 'Áruház u. 18.'),
(321, 'Kékség', 'Ják u. 9.'),
(322, 'Barackfalva', 'Bogár u. 50.'),
(323, 'Barackfalva', 'Jupiter u. 46.'),
(324, 'Sárgahegy', 'Alkotmány u. 8.'),
(325, 'Sárgahegy', 'Kadar u. 81.'),
(326, 'Sárgahegy', 'Ezüst u. 91.'),
(327, 'Sárgahegy', 'Cica u. 105.'),
(328, 'Sárgahegy', 'Csatlós u. 52.'),
(329, 'Barackfalva', 'Ármin u. 49.'),
(330, 'Sárgahegy', 'Hont u. 91.'),
(331, 'Sárgahegy', 'Bimbó u. 30.'),
(332, 'Zöldhely', 'Baba u. 5.'),
(333, 'Kőváros', 'Honvéd u. 2.'),
(334, 'Kékség', 'Haladás u. 52.'),
(335, 'Kőváros', 'Kokárda u. 100.'),
(336, 'Kékség', 'Csák u. 10.'),
(337, 'Zöldhely', 'Husáng u. 34.'),
(338, 'Kőváros', 'Gébics u. 85.'),
(339, 'Kőváros', 'Cédrus u. 70.'),
(340, 'Kőváros', 'Avas u. 53.'),
(341, 'Kékség', 'Agárdi u. 82.'),
(342, 'Sárgahegy', 'Kürt u. 80.'),
(343, 'Sárgahegy', 'Holló u. 37.'),
(344, 'Kőváros', 'Cselló u. 69.'),
(345, 'Zöldhely', 'Bokor u. 11.'),
(346, 'Kőváros', 'Közraktár u. 103.'),
(347, 'Zöldhely', 'Juharos u. 104.'),
(348, 'Barackfalva', 'Asztag u. 46.'),
(349, 'Sárgahegy', 'Gyimes u. 26.'),
(350, 'Kőváros', 'Hab u. 81.'),
(351, 'Zöldhely', 'Kártya u. 67.'),
(352, 'Sárgahegy', 'Íjász u. 42.'),
(353, 'Kékség', 'Bíbor u. 85.'),
(354, 'Barackfalva', 'Csordás u. 1.'),
(355, 'Kékség', 'Gébics u. 32.'),
(356, 'Kékség', 'Bertalan u. 11.'),
(357, 'Sárgahegy', 'Gólya u. 19.'),
(358, 'Barackfalva', 'Kálvária u. 93.'),
(359, 'Zöldhely', 'Kőszál u. 104.'),
(360, 'Zöldhely', 'Fullajtár u. 40.'),
(361, 'Zöldhely', 'Induló u. 45.'),
(362, 'Sárgahegy', 'Betű u. 55.'),
(363, 'Kőváros', 'Dallamos u. 3.'),
(364, 'Kőváros', 'Ártér u. 15.'),
(365, 'Sárgahegy', 'Járóka u. 49.'),
(366, 'Zöldhely', 'Fenyő u. 97.'),
(367, 'Sárgahegy', 'Ananász u. 45.'),
(368, 'Kőváros', 'Almás u. 87.'),
(369, 'Barackfalva', 'Felvidék u. 20.'),
(370, 'Kékség', 'Kazán u. 96.'),
(371, 'Kőváros', 'Deák u. 103.'),
(372, 'Barackfalva', 'Gőz u. 73.'),
(373, 'Sárgahegy', 'Füge u. 57.'),
(374, 'Kőváros', 'Cselló u. 93.'),
(375, 'Kőváros', 'Alom u. 27.'),
(376, 'Kékség', 'Felvidék u. 59.'),
(377, 'Kékség', 'Gép u. 70.'),
(378, 'Kékség', 'Alkotmány u. 59.'),
(379, 'Zöldhely', 'Ali u. 77.'),
(380, 'Zöldhely', 'Harag u. 65.'),
(381, 'Kőváros', 'Bagamér u. 70.'),
(382, 'Kőváros', 'Csordás u. 20.'),
(383, 'Kőváros', 'Kulcs u. 82.'),
(384, 'Kékség', 'Dália u. 54.'),
(385, 'Kékség', 'Bontó u. 67.'),
(386, 'Barackfalva', 'Gát u. 67.'),
(387, 'Barackfalva', 'Kun u. 21.'),
(388, 'Zöldhely', 'Juhos u. 81.'),
(389, 'Barackfalva', 'Diós u. 95.'),
(390, 'Barackfalva', 'Irány u. 60.'),
(391, 'Sárgahegy', 'Ják u. 43.'),
(392, 'Kőváros', 'Füles u. 27.'),
(393, 'Kékség', 'Janicsár u. 80.'),
(394, 'Sárgahegy', 'Juhos u. 53.'),
(395, 'Sárgahegy', 'Kapor u. 72.'),
(396, 'Zöldhely', 'Csiga u. 32.'),
(397, 'Barackfalva', 'Gyűszű u. 1.'),
(398, 'Barackfalva', 'Kórház u. 49.'),
(399, 'Kőváros', 'Kerekes u. 103.'),
(400, 'Barackfalva', 'Csíz u. 63.'),
(401, 'Sárgahegy', 'Kámfor u. 16.'),
(402, 'Sárgahegy', 'Cirmos u. 66.'),
(403, 'Kékség', 'Boglári u. 11.'),
(404, 'Kékség', 'Jós u. 9.'),
(405, 'Sárgahegy', 'Csatorna u. 10.'),
(406, 'Kékség', 'Kártya u. 103.'),
(407, 'Kékség', 'Kút u. 49.'),
(408, 'Zöldhely', 'Bogár u. 32.'),
(409, 'Zöldhely', 'Bácskai u. 66.'),
(410, 'Kékség', 'Cillei u. 11.'),
(411, 'Barackfalva', 'Hintó u. 60.'),
(412, 'Sárgahegy', 'Gőz u. 16.'),
(413, 'Sárgahegy', 'Had u. 10.'),
(414, 'Barackfalva', 'Kapor u. 45.'),
(415, 'Zöldhely', 'Fenyő u. 100.'),
(416, 'Sárgahegy', 'Gomb u. 82.'),
(417, 'Sárgahegy', 'Csoma u. 75.'),
(418, 'Sárgahegy', 'Kaszinó u. 34.'),
(419, 'Kőváros', 'Fal u. 22.'),
(420, 'Kékség', 'Album u. 6.'),
(421, 'Kőváros', 'Csap u. 47.'),
(422, 'Barackfalva', 'Citrom u. 102.'),
(423, 'Kékség', 'Dűlő u. 94.'),
(424, 'Barackfalva', 'Bazsalikom u. 54.'),
(425, 'Kékség', 'Ászok u. 58.'),
(426, 'Kőváros', 'Aradi u. 96.'),
(427, 'Zöldhely', 'Ámor u. 24.'),
(428, 'Sárgahegy', 'Kereplő u. 28.'),
(429, 'Barackfalva', 'Gubó u. 62.'),
(430, 'Kékség', 'Gubó u. 10.'),
(431, 'Kőváros', 'Iszap u. 88.'),
(432, 'Zöldhely', 'Kőszál u. 57.'),
(433, 'Barackfalva', 'Hír u. 22.'),
(434, 'Barackfalva', 'Borz u. 79.'),
(435, 'Barackfalva', 'Arnold u. 8.'),
(436, 'Kékség', 'Kőbánya u. 15.'),
(437, 'Zöldhely', 'Akácos u. 90.'),
(438, 'Zöldhely', 'Abaújvár u. 8.'),
(439, 'Sárgahegy', 'Kártya u. 27.'),
(440, 'Barackfalva', 'Irtás u. 57.'),
(441, 'Kékség', 'Ispáng u. 99.'),
(442, 'Kőváros', 'Krajcár u. 26.'),
(443, 'Sárgahegy', 'Enying u. 102.'),
(444, 'Barackfalva', 'Fő u. 34.'),
(445, 'Barackfalva', 'Kőzet u. 5.'),
(446, 'Zöldhely', 'Garam u. 27.'),
(447, 'Barackfalva', 'Héja u. 47.'),
(448, 'Kőváros', 'Kőszál u. 100.'),
(449, 'Barackfalva', 'Erdőss u. 44.'),
(450, 'Barackfalva', 'Betű u. 61.'),
(451, 'Kőváros', 'Adorján u. 48.'),
(452, 'Kékség', 'Cser u. 71.'),
(453, 'Barackfalva', 'Balassa u. 23.'),
(454, 'Kékség', 'Hegedűs u. 38.'),
(455, 'Kőváros', 'Kút u. 69.'),
(456, 'Kékség', 'Aradi vértanúk u. 32.'),
(457, 'Kékség', 'Füles u. 43.'),
(458, 'Barackfalva', 'Csapágy u. 16.'),
(459, 'Kékség', 'Akácvirág u. 4.'),
(460, 'Kékség', 'Hajas u. 101.'),
(461, 'Zöldhely', 'Gubó u. 60.'),
(462, 'Sárgahegy', 'Dél u. 77.'),
(463, 'Zöldhely', 'Gyalu u. 15.'),
(464, 'Zöldhely', 'Gimnázium u. 36.'),
(465, 'Kékség', 'Járőr u. 25.'),
(466, 'Barackfalva', 'Bárány u. 11.'),
(467, 'Kékség', 'Birsalma u. 12.'),
(468, 'Kékség', 'Akácfa u. 13.'),
(469, 'Sárgahegy', 'Csalló u. 14.'),
(470, 'Kőváros', 'Hám u. 30.'),
(471, 'Zöldhely', 'Bertalan u. 79.'),
(472, 'Zöldhely', 'Álom u. 74.'),
(473, 'Kékség', 'Kisbér u. 39.'),
(474, 'Sárgahegy', 'Koma u. 68.'),
(475, 'Sárgahegy', 'Ámor u. 103.'),
(476, 'Barackfalva', 'Álom u. 87.'),
(477, 'Sárgahegy', 'Körző u. 30.'),
(478, 'Sárgahegy', 'Csendes u. 80.'),
(479, 'Barackfalva', 'Abaújvár u. 54.'),
(480, 'Sárgahegy', 'Garas u. 49.'),
(481, 'Zöldhely', 'Kondás u. 89.'),
(482, 'Barackfalva', 'Katica u. 8.'),
(483, 'Barackfalva', 'Bánát u. 65.'),
(484, 'Barackfalva', 'Hentes u. 9.'),
(485, 'Sárgahegy', 'Akácvirág u. 53.'),
(486, 'Zöldhely', 'Költő u. 102.'),
(487, 'Kékség', 'Iroda u. 14.'),
(488, 'Barackfalva', 'Hajadon u. 30.'),
(489, 'Zöldhely', 'Fűz u. 104.'),
(490, 'Barackfalva', 'Csala u. 85.'),
(491, 'Zöldhely', 'Égető u. 35.'),
(492, 'Kőváros', 'Alsóőr u. 36.'),
(493, 'Zöldhely', 'Hermina u. 57.'),
(494, 'Kékség', 'Gyűrű u. 22.'),
(495, 'Kőváros', 'Csipke u. 21.'),
(496, 'Barackfalva', 'Csűr u. 10.');


-- Munkalapok feltöltése (Dátumok YYYY-MM-DD formátumban!)
INSERT INTO munkalap (bedatum, javdatum, helyaz, szereloaz, munkaora, anyagar) VALUES
('2001-05-28', '2001-05-31', 163, 5, 2, 3721),
('2001-02-26', '2001-03-02', 96, 3, 3, 1432),
('2001-03-19', '2001-03-22', 242, 6, 3, 3016),
('2001-05-14', '2001-05-16', 452, 2, 3, 1434),
('2001-05-24', '2001-05-26', 171, 2, 2, 2666),
('2001-04-11', '2001-04-14', 391, 6, 1, 901),
('2001-08-29', '2001-08-30', 114, 4, 1, 3498),
('2001-07-07', '2001-07-09', 488, 5, 3, 5186),
('2001-09-11', '2001-09-15', 308, 5, 1, 4377),
('2001-08-30', '2001-08-31', 327, 2, 1, 2962),
('2001-12-19', '2001-12-22', 59, 4, 3, 3185),
('2001-09-14', '2001-09-15', 393, 5, 3, 3756),
('2001-10-11', '2001-10-14', 401, 4, 1, 2894),
('2001-04-13', '2001-04-13', 190, 4, 1, 4259),
('2001-05-20', '2001-05-23', 45, 6, 3, 1636),
('2001-01-29', '2001-01-31', 372, 3, 1, 2250),
('2001-12-21', '2001-12-24', 169, 6, 1, 5085),
('2002-01-08', '2002-01-10', 216, 2, 2, 2023),
('2001-11-13', '2001-11-13', 430, 1, 3, 5407),
('2001-10-22', '2001-10-22', 100, 3, 1, 1255),
('2001-01-19', '2001-01-20', 366, 2, 1, 1788),
('2001-12-22', '2001-12-23', 355, 2, 1, 713),
('2001-04-12', '2001-04-15', 135, 5, 3, 4308),
('2001-09-07', '2001-09-07', 279, 5, 1, 1023),
('2002-01-22', '2002-01-26', 221, 3, 1, 1130),
('2002-01-30', '2002-02-03', 35, 6, 1, 1022),
('2001-10-02', '2001-10-04', 445, 5, 1, 1155),
('2001-02-19', '2001-02-22', 271, 1, 1, 2378),
('2001-08-26', '2001-08-30', 412, 1, 1, 2938),
('2001-03-19', '2001-03-22', 484, 5, 1, 3366),
('2001-02-20', '2001-02-22', 430, 5, 2, 1567),
('2001-05-07', '2001-05-10', 245, 1, 1, 1730),
('2001-12-03', '2001-12-06', 313, 4, 2, 3489),
('2001-08-27', '2001-08-27', 462, 6, 1, 4930),
('2001-07-21', '2001-07-25', 214, 3, 2, 1172),
('2001-12-15', '2001-12-16', 411, 5, 1, 3928),
('2001-11-06', '2001-11-10', 194, 5, 3, 5491),
('2001-01-28', '2001-01-30', 175, 4, 1, 4733),
('2001-09-05', '2001-09-08', 143, 1, 3, 4853),
('2001-11-30', '2001-12-01', 279, 6, 1, 1520),
('2001-02-16', '2001-02-18', 150, 6, 2, 3427),
('2001-08-31', '2001-09-02', 470, 6, 1, 3859),
('2001-04-03', '2001-04-04', 369, 4, 3, 1487),
('2001-04-30', '2001-05-02', 431, 5, 2, 1448),
('2001-05-23', '2001-05-27', 263, 2, 1, 5161),
('2001-05-01', '2001-05-02', 385, 1, 2, 4473),
('2001-03-15', '2001-03-16', 319, 6, 2, 2542),
('2001-01-21', '2001-01-25', 74, 3, 1, 1873),
('2001-06-02', '2001-06-02', 417, 6, 1, 3674),
('2001-07-15', '2001-07-17', 330, 6, 2, 3500),
('2001-07-22', '2001-07-24', 113, 2, 1, 5388),
('2001-11-02', '2001-11-06', 382, 3, 2, 3508),
('2002-01-22', '2002-01-26', 377, 2, 1, 4769),
('2001-01-21', '2001-01-24', 328, 5, 2, 4724),
('2001-05-28', '2001-05-29', 344, 5, 2, 4981),
('2001-03-27', '2001-03-28', 159, 4, 3, 608),
('2001-09-07', '2001-09-10', 94, 3, 3, 550),
('2001-05-25', '2001-05-27', 457, 6, 3, 3842),
('2001-05-05', '2001-05-07', 221, 6, 1, 1306),
('2001-04-24', '2001-04-25', 207, 1, 1, 4929),
('2001-02-21', '2001-02-24', 34, 1, 3, 3978),
('2001-10-04', '2001-10-06', 172, 3, 1, 1784),
('2001-01-04', '2001-01-07', 137, 3, 2, 2420),
('2001-05-05', '2001-05-09', 130, 4, 2, 4602),
('2001-07-24', '2001-07-27', 226, 2, 3, 4234),
('2001-08-30', '2001-09-02', 471, 3, 2, 3704),
('2002-01-09', '2002-01-13', 160, 2, 3, 1117),
('2001-12-07', '2001-12-09', 410, 1, 3, 1260),
('2001-10-15', '2001-10-15', 254, 2, 3, 2689),
('2001-10-10', '2001-10-11', 137, 4, 3, 3041),
('2001-09-25', '2001-09-29', 165, 3, 1, 1367),
('2001-09-07', '2001-09-08', 476, 6, 1, 3317),
('2001-11-20', '2001-11-21', 301, 3, 2, 3160),
('2001-07-27', '2001-07-28', 244, 5, 1, 1680),
('2001-07-05', '2001-07-07', 175, 4, 2, 4404),
('2001-10-02', '2001-10-06', 24, 5, 3, 4514),
('2002-01-15', '2002-01-17', 339, 2, 2, 4126),
('2001-07-01', '2001-07-02', 482, 3, 2, 1078),
('2001-09-21', '2001-09-24', 209, 4, 1, 4795),
('2001-09-17', '2001-09-18', 182, 1, 1, 1765),
('2001-02-05', '2001-02-05', 300, 2, 2, 3257),
('2001-06-26', '2001-06-28', 431, 1, 2, 3438),
('2001-05-23', '2001-05-27', 8, 1, 3, 649),
('2001-12-08', '2001-12-12', 81, 3, 3, 3832),
('2001-04-11', '2001-04-11', 387, 6, 2, 2244),
('2001-10-08', '2001-10-10', 456, 1, 3, 919),
('2001-08-15', '2001-08-19', 490, 3, 3, 3274),
('2001-04-30', '2001-05-02', 325, 3, 1, 4470),
('2001-09-18', '2001-09-18', 88, 1, 3, 630),
('2001-08-23', '2001-08-23', 321, 1, 2, 5420),
('2001-02-05', '2001-02-08', 367, 2, 3, 1576),
('2001-03-01', '2001-03-02', 202, 2, 1, 3926),
('2001-04-24', '2001-04-28', 431, 6, 2, 2697),
('2001-12-09', '2001-12-10', 351, 1, 3, 2028),
('2002-02-02', '2002-02-06', 44, 6, 1, 4369),
('2001-12-25', '2001-12-29', 418, 1, 3, 3009),
('2001-05-30', '2001-06-01', 123, 2, 2, 3309),
('2001-10-12', '2001-10-14', 22, 2, 3, 4393),
('2001-05-21', '2001-05-21', 318, 6, 3, 2718),
('2001-05-31', '2001-05-31', 15, 2, 2, 3094),
('2002-01-27', '2002-01-31', 45, 2, 1, 4596),
('2001-08-10', '2001-08-13', 3, 1, 3, 4644),
('2001-11-13', '2001-11-17', 368, 2, 3, 4573),
('2001-06-12', '2001-06-13', 154, 2, 2, 1506),
('2001-09-21', '2001-09-23', 428, 1, 3, 3096),
('2001-10-21', '2001-10-24', 424, 2, 1, 2876),
('2001-05-13', '2001-05-15', 91, 5, 2, 549),
('2001-03-26', '2001-03-30', 364, 5, 3, 790),
('2001-11-10', '2001-11-11', 450, 5, 1, 3357),
('2002-01-09', '2002-01-10', 1, 1, 3, 894),
('2001-07-31', '2001-08-01', 68, 3, 1, 3108),
('2001-03-12', '2001-03-13', 164, 2, 3, 4361),
('2001-11-21', '2001-11-25', 265, 6, 3, 4613),
('2001-05-15', '2001-05-17', 246, 4, 3, 4384),
('2001-01-04', '2001-01-07', 8, 3, 2, 3778),
('2001-04-17', '2001-04-19', 404, 3, 3, 2198),
('2001-09-26', '2001-09-26', 295, 4, 3, 2959),
('2001-06-25', '2001-06-26', 255, 3, 2, 881),
('2001-11-16', '2001-11-17', 347, 2, 1, 3762),
('2001-12-27', '2001-12-30', 242, 1, 2, 4832),
('2001-02-21', '2001-02-23', 204, 1, 1, 560),
('2001-03-04', '2001-03-06', 390, 5, 3, 1979),
('2002-01-15', '2002-01-19', 158, 2, 3, 1231),
('2001-04-18', '2001-04-22', 381, 1, 1, 2419),
('2001-03-26', '2001-03-29', 252, 1, 1, 1948),
('2002-01-03', '2002-01-07', 83, 6, 2, 1524),
('2001-05-29', '2001-06-01', 55, 1, 3, 1770),
('2001-07-27', '2001-07-27', 32, 2, 1, 1700),
('2001-10-01', '2001-10-01', 239, 1, 1, 2721),
('2001-07-18', '2001-07-22', 450, 3, 3, 4598),
('2001-07-02', '2001-07-04', 148, 6, 1, 4003),
('2001-03-05', '2001-03-06', 412, 1, 1, 1363),
('2001-12-24', '2001-12-26', 222, 1, 2, 5086),
('2001-04-07', '2001-04-07', 333, 4, 2, 999),
('2001-08-14', '2001-08-18', 344, 1, 3, 1247),
('2001-01-10', '2001-01-12', 173, 2, 3, 1777),
('2001-07-17', '2001-07-18', 272, 3, 2, 1147),
('2001-11-23', '2001-11-27', 148, 6, 3, 2131),
('2001-08-25', '2001-08-26', 467, 1, 2, 4152),
('2001-12-04', '2001-12-06', 25, 3, 3, 3322),
('2001-11-03', '2001-11-05', 414, 5, 3, 3704),
('2001-11-16', '2001-11-16', 129, 5, 2, 2193),
('2001-12-02', '2001-12-03', 171, 2, 3, 3576),
('2001-01-31', '2001-02-02', 94, 1, 3, 2442),
('2001-01-23', '2001-01-24', 64, 2, 1, 4733),
('2001-09-06', '2001-09-10', 202, 3, 1, 3230),
('2001-03-13', '2001-03-16', 269, 2, 3, 2481),
('2001-02-16', '2001-02-18', 381, 4, 3, 3213),
('2001-05-06', '2001-05-10', 108, 3, 3, 2786),
('2001-10-24', '2001-10-26', 303, 6, 2, 3552),
('2002-02-03', '2002-02-03', 15, 5, 1, 1810),
('2001-05-24', '2001-05-24', 169, 6, 3, 3419),
('2002-01-15', '2002-01-16', 205, 2, 2, 1136),
('2001-05-12', '2001-05-15', 80, 1, 2, 3598),
('2001-08-31', '2001-09-01', 159, 4, 2, 5313),
('2002-01-04', '2002-01-06', 234, 5, 3, 3608),
('2001-12-02', '2001-12-06', 260, 2, 3, 4468),
('2001-07-26', '2001-07-27', 480, 3, 1, 4824),
('2001-04-06', '2001-04-09', 17, 3, 1, 4479),
('2001-10-27', '2001-10-31', 115, 5, 3, 5003),
('2001-10-30', '2001-11-01', 132, 3, 1, 4055),
('2002-01-13', '2002-01-14', 126, 1, 1, 3812),
('2001-12-21', '2001-12-23', 453, 5, 1, 4191),
('2001-07-28', '2001-07-29', 231, 6, 2, 4054),
('2001-07-13', '2001-07-14', 178, 2, 2, 3260),
('2001-05-12', '2001-05-14', 24, 3, 1, 3068),
('2001-03-22', '2001-03-23', 151, 2, 1, 1870),
('2001-07-03', '2001-07-04', 484, 3, 2, 2948),
('2001-07-31', '2001-08-01', 255, 5, 3, 4324),
('2001-07-12', '2001-07-13', 304, 1, 1, 568),
('2001-11-07', '2001-11-10', 44, 1, 1, 3346),
('2001-04-02', '2001-04-06', 364, 2, 1, 2103),
('2001-01-13', '2001-01-15', 182, 2, 1, 1785),
('2001-04-05', '2001-04-09', 322, 3, 2, 1791),
('2001-05-19', '2001-05-21', 485, 6, 1, 1344),
('2001-01-21', '2001-01-24', 192, 4, 3, 3131),
('2001-07-14', '2001-07-14', 402, 6, 3, 5246),
('2001-06-27', '2001-06-28', 302, 1, 1, 2217),
('2001-02-18', '2001-02-18', 198, 2, 3, 2632),
('2001-01-04', '2001-01-06', 175, 3, 2, 3051),
('2001-04-20', '2001-04-20', 58, 1, 1, 651),
('2001-01-24', '2001-01-28', 180, 1, 2, 1780),
('2001-12-25', '2001-12-27', 87, 1, 2, 1385),
('2001-02-04', '2001-02-08', 12, 6, 1, 4365),
('2001-12-15', '2001-12-19', 88, 5, 3, 2730),
('2001-10-13', '2001-10-17', 45, 3, 2, 2460),
('2001-04-06', '2001-04-07', 396, 4, 1, 520),
('2001-01-16', '2001-01-20', 397, 4, 1, 5486),
('2001-04-12', '2001-04-12', 379, 3, 1, 3787),
('2001-02-20', '2001-02-21', 298, 4, 2, 719),
('2001-09-24', '2001-09-25', 406, 6, 3, 513),
('2001-03-13', '2001-03-14', 241, 3, 2, 2155),
('2001-05-06', '2001-05-08', 429, 4, 1, 4810),
('2001-03-14', '2001-03-18', 350, 2, 3, 5128),
('2001-10-10', '2001-10-12', 274, 6, 3, 5456),
('2001-12-18', '2001-12-22', 83, 3, 2, 4228),
('2001-04-09', '2001-04-10', 192, 5, 3, 677),
('2001-09-13', '2001-09-13', 192, 2, 2, 3793),
('2001-05-31', '2001-06-01', 48, 5, 1, 3231),
('2001-09-18', '2001-09-19', 320, 1, 1, 2666),
('2001-07-03', '2001-07-04', 461, 3, 3, 4411),
('2001-07-04', '2001-07-07', 376, 2, 3, 3992),
('2001-05-25', '2001-05-29', 239, 6, 1, 613),
('2001-03-07', '2001-03-09', 8, 4, 2, 4655),
('2001-07-02', '2001-07-04', 204, 6, 1, 1427),
('2001-09-26', '2001-09-30', 19, 2, 2, 4041),
('2001-03-24', '2001-03-25', 403, 1, 1, 5383),
('2001-01-10', '2001-01-14', 87, 6, 2, 2525),
('2001-08-30', '2001-08-30', 2, 1, 1, 4777),
('2001-08-16', '2001-08-16', 162, 5, 1, 1375),
('2001-01-21', '2001-01-25', 467, 4, 1, 2116),
('2001-01-22', '2001-01-23', 146, 1, 3, 5179),
('2001-11-25', '2001-11-27', 238, 4, 3, 4606),
('2001-08-16', '2001-08-19', 412, 2, 2, 1930),
('2001-10-04', '2001-10-06', 311, 3, 3, 4294),
('2001-12-22', '2001-12-23', 142, 6, 1, 4355),
('2001-11-12', '2001-11-14', 473, 3, 2, 3092),
('2001-07-24', '2001-07-24', 252, 5, 3, 4050),
('2001-08-26', '2001-08-27', 487, 2, 3, 1797),
('2001-12-04', '2001-12-06', 185, 1, 3, 823),
('2001-10-29', '2001-11-01', 171, 1, 3, 1506),
('2001-02-15', '2001-02-15', 249, 2, 2, 2551),
('2001-01-13', '2001-01-13', 354, 3, 3, 2685),
('2001-09-03', '2001-09-05', 45, 2, 3, 3261),
('2001-07-25', '2001-07-26', 373, 3, 3, 2233),
('2001-07-22', '2001-07-25', 312, 6, 3, 5468),
('2001-05-26', '2001-05-26', 192, 5, 1, 2143),
('2001-11-04', '2001-11-06', 41, 5, 2, 1008),
('2001-04-20', '2001-04-21', 317, 6, 1, 3761),
('2001-11-20', '2001-11-24', 273, 6, 2, 3467),
('2001-06-23', '2001-06-23', 70, 2, 2, 2424),
('2001-12-04', '2001-12-08', 316, 2, 2, 2849),
('2001-07-06', '2001-07-08', 115, 3, 2, 4979),
('2001-06-09', '2001-06-09', 444, 4, 1, 4764),
('2001-10-20', '2001-10-23', 110, 6, 3, 2145),
('2001-05-11', '2001-05-14', 303, 6, 2, 4203),
('2001-01-28', '2001-01-28', 200, 3, 3, 1338),
('2001-08-22', '2001-08-25', 321, 2, 3, 4845),
('2001-12-10', '2001-12-14', 77, 3, 2, 1572),
('2001-04-23', '2001-04-26', 128, 5, 2, 1456),
('2001-06-18', '2001-06-18', 114, 6, 3, 3321),
('2001-04-25', '2001-04-29', 276, 2, 2, 1625),
('2001-09-07', '2001-09-08', 33, 6, 1, 3252),
('2001-01-09', '2001-01-10', 199, 6, 1, 3316),
('2001-07-30', '2001-07-30', 224, 5, 2, 5268),
('2001-01-04', '2001-01-05', 358, 4, 1, 1184),
('2001-06-26', '2001-06-29', 111, 5, 1, 3910),
('2001-08-05', '2001-08-08', 414, 4, 1, 3027),
('2001-08-25', '2001-08-26', 340, 5, 3, 914),
('2001-12-25', '2001-12-29', 207, 1, 1, 2316),
('2001-09-07', '2001-09-07', 466, 6, 1, 2611),
('2001-06-17', '2001-06-18', 459, 1, 2, 868),
('2001-01-09', '2001-01-13', 371, 3, 1, 2283),
('2001-03-19', '2001-03-23', 441, 3, 1, 3495),
('2001-09-17', '2001-09-19', 178, 1, 2, 3295),
('2001-04-25', '2001-04-26', 19, 4, 2, 5402),
('2001-07-19', '2001-07-19', 421, 5, 2, 3793),
('2001-05-23', '2001-05-25', 489, 3, 3, 2948),
('2001-12-28', '2001-12-28', 215, 2, 1, 1218),
('2001-08-09', '2001-08-12', 328, 3, 3, 1758),
('2001-01-13', '2001-01-16', 53, 2, 1, 679),
('2001-04-10', '2001-04-10', 264, 6, 3, 4300),
('2002-01-19', '2002-01-22', 192, 1, 1, 1925),
('2001-06-10', '2001-06-12', 135, 4, 3, 777),
('2001-01-09', '2001-01-09', 26, 3, 2, 905),
('2001-02-11', '2001-02-14', 286, 4, 3, 4385),
('2001-08-30', '2001-08-31', 11, 6, 3, 880),
('2001-03-16', '2001-03-17', 78, 2, 1, 711),
('2001-08-21', '2001-08-23', 102, 5, 3, 4462),
('2001-01-03', '2001-01-03', 93, 4, 2, 2398),
('2001-02-13', '2001-02-14', 213, 6, 2, 2933),
('2001-12-18', '2001-12-19', 195, 5, 2, 5200),
('2001-11-02', '2001-11-02', 39, 6, 1, 3988),
('2001-06-21', '2001-06-22', 277, 1, 3, 3451),
('2001-11-07', '2001-11-07', 96, 2, 2, 914),
('2001-04-27', '2001-04-30', 100, 3, 1, 901),
('2001-02-01', '2001-02-03', 33, 4, 3, 2320),
('2001-06-13', '2001-06-15', 149, 2, 2, 2702),
('2001-11-11', '2001-11-14', 314, 2, 2, 4451),
('2001-07-16', '2001-07-20', 287, 2, 1, 1992),
('2001-08-05', '2001-08-09', 375, 6, 2, 2085),
('2001-09-28', '2001-09-28', 390, 1, 1, 4923),
('2001-10-20', '2001-10-24', 452, 2, 1, 1121),
('2001-03-20', '2001-03-23', 152, 4, 2, 1788),
('2001-01-06', '2001-01-10', 365, 1, 2, 1198),
('2001-04-15', '2001-04-16', 199, 2, 1, 1256),
('2001-07-20', '2001-07-24', 228, 5, 3, 533),
('2001-06-28', '2001-07-02', 68, 1, 2, 2083),
('2001-10-31', '2001-11-04', 104, 1, 3, 2348),
('2001-02-17', '2001-02-20', 251, 1, 2, 811),
('2001-06-08', '2001-06-12', 236, 3, 2, 1760),
('2001-05-23', '2001-05-25', 202, 3, 2, 3989),
('2002-01-07', '2002-01-10', 131, 2, 1, 1576),
('2002-01-31', '2002-02-02', 259, 2, 3, 2188),
('2001-03-31', '2001-04-04', 264, 1, 3, 2005),
('2001-02-17', '2001-02-17', 265, 2, 2, 2006),
('2001-12-18', '2001-12-20', 290, 6, 2, 4905),
('2001-08-04', '2001-08-05', 189, 4, 1, 5413),
('2001-01-23', '2001-01-23', 176, 1, 1, 4501),
('2001-05-17', '2001-05-17', 127, 2, 1, 3906),
('2001-05-16', '2001-05-20', 24, 6, 2, 3050),
('2001-12-27', '2001-12-29', 140, 6, 3, 1343),
('2002-01-20', '2002-01-21', 264, 1, 2, 3461),
('2001-03-20', '2001-03-20', 439, 6, 2, 956),
('2001-05-16', '2001-05-18', 304, 5, 2, 4969),
('2001-02-11', '2001-02-13', 483, 5, 3, 4626),
('2001-05-26', '2001-05-29', 178, 4, 2, 2939),
('2001-09-29', '2001-10-02', 136, 1, 1, 2606),
('2001-12-04', '2001-12-05', 286, 1, 1, 2789),
('2001-09-08', '2001-09-10', 493, 1, 1, 3973),
('2001-05-02', '2001-05-05', 194, 6, 2, 1012),
('2001-12-19', '2001-12-23', 181, 5, 1, 529),
('2001-06-16', '2001-06-17', 100, 6, 2, 4048),
('2001-08-23', '2001-08-24', 420, 4, 2, 3516),
('2001-10-24', '2001-10-25', 110, 2, 1, 2476),
('2001-08-02', '2001-08-06', 273, 6, 3, 5077),
('2002-01-22', '2002-01-25', 484, 4, 2, 3889),
('2002-01-12', '2002-01-13', 399, 1, 2, 3542),
('2001-02-28', '2001-03-04', 479, 3, 3, 2014),
('2001-10-07', '2001-10-11', 195, 3, 3, 3057),
('2001-03-09', '2001-03-13', 245, 6, 1, 5431),
('2001-01-20', '2001-01-22', 30, 3, 2, 726),
('2001-12-12', '2001-12-16', 110, 5, 1, 4446),
('2001-08-13', '2001-08-16', 443, 6, 3, 1468),
('2001-08-18', '2001-08-21', 77, 6, 3, 4825),
('2001-08-10', '2001-08-11', 327, 3, 3, 2240),
('2001-05-31', '2001-06-04', 110, 4, 1, 1060),
('2001-02-12', '2001-02-12', 366, 6, 3, 770),
('2001-03-18', '2001-03-18', 9, 6, 1, 2634),
('2001-02-27', '2001-03-02', 24, 6, 1, 3786),
('2002-02-03', '2002-02-05', 240, 3, 1, 3628),
('2001-12-06', '2001-12-07', 281, 6, 3, 858),
('2002-02-06', '2002-02-06', 103, 2, 3, 2930),
('2001-05-03', '2001-05-06', 288, 5, 2, 547),
('2001-02-13', '2001-02-13', 82, 2, 2, 4060),
('2001-02-10', '2001-02-11', 91, 3, 1, 4562),
('2001-02-28', '2001-03-03', 489, 5, 3, 682),
('2001-01-08', '2001-01-09', 365, 4, 3, 1408),
('2001-08-26', '2001-08-28', 191, 4, 1, 3028),
('2001-12-20', '2001-12-24', 143, 6, 1, 3247),
('2001-09-25', '2001-09-25', 461, 5, 3, 2491),
('2001-05-17', '2001-05-19', 402, 4, 3, 2582),
('2002-01-11', '2002-01-15', 289, 2, 3, 4313),
('2001-04-23', '2001-04-25', 410, 1, 2, 1996),
('2001-01-13', '2001-01-17', 4, 6, 1, 5086),
('2001-04-09', '2001-04-11', 304, 1, 1, 1361),
('2001-05-03', '2001-05-05', 233, 2, 1, 2169),
('2001-03-09', '2001-03-10', 318, 6, 2, 4092),
('2001-04-22', '2001-04-23', 402, 3, 3, 2577),
('2001-10-17', '2001-10-18', 129, 2, 2, 4858),
('2001-01-08', '2001-01-10', 67, 6, 2, 4991),
('2001-11-20', '2001-11-21', 138, 5, 3, 5288),
('2002-01-05', '2002-01-09', 201, 6, 1, 1517),
('2002-01-28', '2002-02-01', 344, 2, 3, 2110),
('2001-08-16', '2001-08-17', 316, 6, 3, 1981),
('2001-08-18', '2001-08-18', 420, 3, 2, 4236),
('2001-09-24', '2001-09-27', 219, 2, 1, 1376),
('2002-01-12', '2002-01-14', 67, 6, 1, 2314),
('2001-08-25', '2001-08-25', 82, 2, 2, 2124),
('2002-01-27', '2002-01-31', 398, 3, 3, 3122),
('2001-04-08', '2001-04-12', 29, 5, 2, 2759),
('2001-12-30', '2001-12-31', 203, 5, 1, 2680),
('2001-08-14', '2001-08-18', 84, 1, 3, 1388),
('2001-06-24', '2001-06-24', 127, 3, 3, 3946),
('2001-06-24', '2001-06-28', 212, 6, 1, 5091),
('2001-12-06', '2001-12-10', 306, 5, 3, 2203),
('2001-01-22', '2001-01-26', 177, 1, 3, 4625),
('2001-08-23', '2001-08-26', 282, 5, 3, 1735),
('2001-11-10', '2001-11-10', 416, 6, 2, 5409),
('2001-05-01', '2001-05-02', 487, 3, 1, 4450),
('2001-03-26', '2001-03-28', 216, 2, 1, 1823),
('2002-02-06', '2002-02-07', 200, 3, 3, 4454),
('2001-07-19', '2001-07-21', 196, 5, 1, 3274),
('2001-10-30', '2001-11-03', 152, 1, 3, 2643),
('2001-02-26', '2001-02-26', 402, 1, 3, 4152),
('2001-02-06', '2001-02-08', 430, 2, 3, 3584),
('2001-06-23', '2001-06-25', 3, 5, 2, 3251),
('2001-10-11', '2001-10-11', 387, 4, 1, 1486),
('2002-01-13', '2002-01-14', 281, 1, 1, 914),
('2001-04-24', '2001-04-25', 208, 5, 3, 4716),
('2002-01-23', '2002-01-23', 194, 6, 2, 2990),
('2001-02-20', '2001-02-21', 470, 1, 3, 1118),
('2001-10-04', '2001-10-06', 205, 4, 1, 1092),
('2001-07-22', '2001-07-23', 123, 4, 2, 1574),
('2001-05-19', '2001-05-20', 317, 4, 2, 2316),
('2002-01-25', '2002-01-29', 65, 3, 1, 1760),
('2002-01-26', '2002-01-30', 45, 4, 2, 1370),
('2002-02-01', '2002-02-04', 68, 1, 3, 2015),
('2001-09-23', '2001-09-24', 469, 3, 3, 3148),
('2002-01-10', '2002-01-11', 2, 3, 3, 1259),
('2001-11-12', '2001-11-14', 325, 4, 2, 4568),
('2001-04-18', '2001-04-21', 416, 5, 3, 1594),
('2001-02-23', '2001-02-26', 66, 1, 2, 4292),
('2001-09-25', '2001-09-25', 271, 5, 1, 3743),
('2001-06-07', '2001-06-10', 361, 5, 1, 2858),
('2001-03-10', '2001-03-11', 458, 6, 2, 622),
('2001-06-07', '2001-06-09', 134, 4, 1, 2617),
('2001-12-21', '2001-12-24', 283, 4, 1, 1267),
('2001-02-27', '2001-03-01', 104, 1, 2, 655),
('2001-02-18', '2001-02-20', 82, 3, 1, 4966),
('2001-05-03', '2001-05-03', 366, 1, 2, 4868),
('2001-10-03', '2001-10-04', 122, 2, 2, 5426),
('2001-03-25', '2001-03-29', 270, 3, 3, 2818),
('2001-08-26', '2001-08-26', 409, 5, 3, 1844),
('2001-05-30', '2001-06-02', 224, 1, 1, 2328),
('2001-07-10', '2001-07-11', 316, 6, 3, 3880),
('2001-10-18', '2001-10-20', 36, 6, 3, 4936),
('2001-07-17', '2001-07-17', 82, 6, 2, 988),
('2001-05-23', '2001-05-27', 332, 5, 1, 2782),
('2001-03-28', '2001-03-31', 159, 5, 1, 3229),
('2001-01-29', '2001-01-30', 42, 2, 3, 3125),
('2001-07-30', '2001-07-30', 429, 3, 2, 1032),
('2001-11-10', '2001-11-10', 67, 5, 1, 5213),
('2001-09-05', '2001-09-07', 436, 5, 3, 1535),
('2001-01-30', '2001-02-02', 215, 1, 3, 1925),
('2001-12-30', '2002-01-01', 66, 3, 3, 4253),
('2001-03-26', '2001-03-26', 192, 3, 1, 2175),
('2001-03-16', '2001-03-16', 388, 6, 1, 2069),
('2001-04-15', '2001-04-16', 345, 4, 1, 3344),
('2001-07-08', '2001-07-11', 174, 1, 1, 5012),
('2001-09-12', '2001-09-12', 486, 3, 3, 4687),
('2001-05-31', '2001-06-02', 486, 3, 3, 541),
('2001-08-14', '2001-08-18', 258, 4, 3, 1322),
('2001-08-22', '2001-08-25', 269, 1, 3, 4603),
('2001-03-26', '2001-03-30', 369, 6, 2, 3961),
('2001-07-03', '2001-07-05', 489, 5, 1, 4360),
('2001-05-04', '2001-05-04', 145, 4, 3, 5379),
('2001-09-03', '2001-09-05', 63, 1, 3, 2370),
('2001-08-17', '2001-08-17', 398, 1, 2, 4811),
('2001-05-28', '2001-05-29', 360, 2, 3, 2023),
('2001-02-15', '2001-02-17', 195, 3, 1, 3279),
('2002-01-09', '2002-01-09', 317, 2, 1, 4381),
('2001-10-12', '2001-10-16', 192, 3, 3, 3691),
('2001-10-24', '2001-10-26', 290, 1, 1, 4149),
('2001-07-09', '2001-07-10', 163, 2, 2, 4710),
('2002-01-18', '2002-01-19', 154, 4, 3, 2686),
('2002-01-17', '2002-01-17', 355, 6, 2, 2494),
('2001-07-17', '2001-07-19', 244, 6, 1, 4557),
('2001-11-06', '2001-11-08', 389, 1, 1, 861),
('2001-10-01', '2001-10-04', 324, 3, 3, 1423),
('2001-06-16', '2001-06-16', 200, 2, 3, 3532),
('2002-01-18', '2002-01-18', 401, 2, 3, 4900),
('2002-01-07', '2002-01-09', 182, 4, 2, 3359),
('2002-01-29', '2002-01-29', 182, 4, 3, 2246),
('2001-01-07', '2001-01-07', 57, 2, 2, 2612),
('2001-05-25', '2001-05-27', 176, 6, 3, 2506),
('2001-05-10', '2001-05-14', 320, 5, 3, 1903),
('2001-08-29', '2001-08-30', 226, 3, 1, 1749),
('2002-01-06', '2002-01-07', 236, 4, 2, 3312),
('2001-04-05', '2001-04-07', 487, 3, 1, 1005),
('2001-10-15', '2001-10-17', 209, 3, 1, 3345),
('2001-01-27', '2001-01-30', 194, 2, 2, 5203),
('2002-01-17', '2002-01-17', 294, 6, 3, 5259),
('2001-03-12', '2001-03-13', 447, 2, 1, 3035),
('2002-01-17', '2002-01-17', 320, 6, 2, 4351),
('2001-02-18', '2001-02-18', 42, 1, 1, 3695),
('2001-08-04', '2001-08-04', 468, 4, 2, 2766),
('2001-05-06', '2001-05-08', 118, 1, 2, 5491),
('2001-11-20', '2001-11-23', 399, 3, 1, 992),
('2002-01-08', '2002-01-09', 94, 2, 3, 5179),
('2001-09-04', '2001-09-06', 318, 6, 2, 5121),
('2001-11-17', '2001-11-18', 151, 5, 3, 5228),
('2001-12-26', '2001-12-29', 458, 1, 2, 764),
('2001-10-03', '2001-10-04', 197, 4, 1, 3662),
('2002-02-04', '2002-02-07', 61, 1, 2, 4541),
('2001-01-16', '2001-01-19', 298, 6, 1, 955),
('2002-01-24', '2002-01-26', 301, 5, 3, 3360),
('2001-06-23', '2001-06-23', 307, 2, 1, 509),
('2001-12-07', '2001-12-07', 315, 2, 2, 2619),
('2001-10-03', '2001-10-04', 273, 5, 1, 4298),
('2001-05-08', '2001-05-12', 427, 3, 3, 1080),
('2001-09-12', '2001-09-14', 3, 1, 3, 1083),
('2001-02-13', '2001-02-16', 109, 2, 1, 2766),
('2001-06-16', '2001-06-16', 188, 4, 2, 2424),
('2001-04-20', '2001-04-20', 377, 2, 1, 2714),
('2001-12-17', '2001-12-20', 396, 3, 1, 4043),
('2001-06-20', '2001-06-23', 19, 1, 2, 3925),
('2001-07-24', '2001-07-24', 425, 4, 1, 2238),
('2001-05-02', '2001-05-04', 378, 4, 2, 2073),
('2001-05-06', '2001-05-08', 357, 6, 1, 2217),
('2001-02-15', '2001-02-16', 443, 3, 1, 660),
('2001-10-25', '2001-10-26', 287, 2, 2, 4051),
('2001-11-28', '2001-12-02', 428, 3, 3, 1243),
('2001-10-05', '2001-10-05', 439, 1, 3, 3557),
('2002-01-14', '2002-01-14', 344, 1, 1, 2050),
('2001-01-17', '2001-01-17', 108, 4, 3, 2252),
('2002-01-05', '2002-01-06', 202, 2, 2, 3514),
('2001-07-15', '2001-07-19', 396, 3, 2, 4670),
('2001-10-23', '2001-10-27', 145, 2, 2, 3970),
('2001-11-29', '2001-12-03', 405, 2, 3, 1338),
('2001-11-23', '2001-11-25', 330, 3, 3, 891),
('2001-05-16', '2001-05-17', 29, 4, 1, 1808),
('2001-03-02', '2001-03-06', 13, 6, 1, 1346),
('2001-07-05', '2001-07-06', 451, 4, 2, 4484),
('2001-05-22', '2001-05-24', 281, 2, 3, 2635),
('2001-11-24', '2001-11-27', 38, 2, 3, 4076),
('2001-01-20', '2001-01-21', 52, 3, 2, 4662),
('2001-10-24', '2001-10-28', 227, 6, 1, 4966),
('2001-12-06', '2001-12-10', 101, 4, 2, 2537),
('2001-05-13', '2001-05-13', 34, 2, 3, 4074),
('2002-01-15', '2002-01-17', 300, 3, 2, 540),
('2002-01-28', '2002-01-28', 341, 2, 3, 2576),
('2001-12-13', '2001-12-16', 107, 4, 3, 2055),
('2001-10-04', '2001-10-07', 21, 2, 2, 3172),
('2001-07-01', '2001-07-03', 319, 4, 2, 1043),
('2001-11-16', '2001-11-16', 427, 4, 2, 4760),
('2001-07-02', '2001-07-03', 235, 6, 3, 5404),
('2001-07-27', '2001-07-29', 9, 2, 3, 638),
('2001-12-23', '2001-12-24', 404, 6, 3, 5353),
('2001-08-22', '2001-08-25', 204, 3, 2, 784),
('2001-01-21', '2001-01-22', 315, 5, 2, 4852),
('2001-02-15', '2001-02-17', 441, 3, 2, 5250),
('2001-03-01', '2001-03-05', 232, 3, 3, 3745),
('2001-02-01', '2001-02-02', 416, 5, 1, 3656),
('2001-07-02', '2001-07-05', 1, 3, 3, 2650),
('2002-02-06', '2002-02-10', 240, 6, 2, 4377),
('2001-10-27', '2001-10-30', 272, 4, 1, 4681),
('2001-09-03', '2001-09-04', 116, 2, 1, 1751),
('2002-01-10', '2002-01-10', 362, 3, 1, 2913),
('2001-05-07', '2001-05-09', 3, 5, 1, 2351),
('2001-08-05', '2001-08-09', 163, 2, 2, 706),
('2002-01-24', '2002-01-25', 272, 5, 1, 1330),
('2002-01-18', '2002-01-20', 164, 5, 1, 4946),
('2001-12-27', '2001-12-29', 328, 5, 1, 3063),
('2001-12-02', '2001-12-05', 226, 6, 3, 798),
('2001-12-06', '2001-12-10', 146, 5, 2, 3518),
('2001-06-20', '2001-06-24', 245, 3, 3, 3184),
('2001-05-23', '2001-05-23', 320, 5, 2, 2411),
('2001-03-02', '2001-03-04', 356, 6, 3, 2910),
('2001-05-01', '2001-05-01', 194, 3, 1, 4005),
('2002-01-17', '2002-01-21', 195, 4, 3, 4517),
('2001-06-19', '2001-06-19', 484, 5, 3, 3431),
('2001-02-11', '2001-02-11', 437, 6, 3, 3073),
('2001-07-14', '2001-07-18', 341, 4, 2, 2381),
('2001-08-04', '2001-08-07', 403, 5, 2, 4125),
('2001-10-11', '2001-10-13', 463, 6, 2, 2693),
('2001-12-25', '2001-12-27', 10, 3, 3, 2789),
('2001-09-10', '2001-09-12', 492, 4, 3, 4604),
('2001-11-19', '2001-11-23', 478, 6, 3, 2388),
('2001-03-26', '2001-03-26', 296, 6, 1, 5152),
('2001-05-21', '2001-05-23', 168, 6, 2, 3409),
('2001-03-15', '2001-03-19', 147, 6, 3, 5026),
('2001-09-20', '2001-09-21', 316, 5, 1, 1730),
('2001-09-27', '2001-09-30', 65, 4, 1, 4153),
('2001-04-03', '2001-04-03', 213, 4, 2, 5059),
('2001-09-20', '2001-09-20', 468, 5, 1, 1080),
('2001-02-14', '2001-02-16', 26, 4, 3, 5335),
('2001-12-11', '2001-12-12', 86, 4, 3, 1609),
('2001-07-13', '2001-07-16', 34, 6, 2, 4581),
('2001-03-31', '2001-03-31', 113, 2, 3, 4403),
('2001-01-24', '2001-01-28', 59, 5, 1, 5016),
('2001-01-05', '2001-01-08', 179, 5, 1, 2898),
('2001-09-25', '2001-09-29', 119, 1, 2, 1427),
('2001-06-25', '2001-06-27', 18, 5, 3, 1734),
('2001-04-02', '2001-04-02', 358, 3, 3, 930),
('2001-11-29', '2001-12-03', 21, 5, 3, 4418),
('2001-07-16', '2001-07-18', 38, 2, 2, 4118),
('2001-06-15', '2001-06-18', 198, 4, 3, 4665),
('2001-03-21', '2001-03-21', 446, 5, 1, 3451),
('2001-12-10', '2001-12-14', 331, 2, 1, 5199),
('2001-10-29', '2001-10-30', 313, 5, 2, 3449),
('2001-05-02', '2001-05-02', 434, 2, 1, 927),
('2001-02-17', '2001-02-17', 111, 6, 2, 2491),
('2001-07-08', '2001-07-10', 109, 3, 3, 679),
('2002-01-10', '2002-01-10', 125, 6, 3, 1002),
('2001-04-27', '2001-04-27', 115, 1, 3, 5467),
('2001-03-02', '2001-03-03', 144, 2, 1, 1963),
('2002-01-09', '2002-01-13', 382, 2, 3, 4370),
('2001-12-03', '2001-12-05', 400, 4, 1, 4179),
('2001-11-08', '2001-11-12', 117, 5, 3, 605),
('2002-01-21', '2002-01-25', 226, 4, 1, 3075),
('2001-05-08', '2001-05-11', 3, 6, 2, 4303),
('2001-12-10', '2001-12-10', 176, 6, 1, 2187),
('2001-10-09', '2001-10-11', 426, 1, 3, 953),
('2001-06-16', '2001-06-17', 284, 6, 3, 5186),
('2001-06-08', '2001-06-09', 483, 6, 1, 3143),
('2001-06-22', '2001-06-25', 90, 5, 2, 5484),
('2001-12-25', '2001-12-27', 254, 4, 2, 3787),
('2001-01-19', '2001-01-22', 47, 5, 3, 1178),
('2002-01-05', '2002-01-06', 413, 4, 2, 2086),
('2001-07-27', '2001-07-30', 134, 6, 3, 4744),
('2001-11-19', '2001-11-22', 254, 4, 1, 3185),
('2001-07-25', '2001-07-29', 464, 2, 3, 1357),
('2001-01-09', '2001-01-12', 276, 4, 1, 4594),
('2001-05-25', '2001-05-27', 11, 3, 1, 768),
('2001-11-16', '2001-11-18', 150, 4, 3, 2856),
('2001-10-08', '2001-10-12', 137, 5, 2, 3580),
('2001-01-07', '2001-01-09', 225, 2, 2, 1306),
('2001-01-11', '2001-01-15', 236, 3, 1, 4888),
('2001-01-18', '2001-01-19', 305, 1, 1, 1484),
('2002-01-21', '2002-01-21', 114, 3, 1, 1505),
('2001-04-16', '2001-04-18', 377, 3, 1, 3303),
('2001-06-08', '2001-06-10', 186, 1, 2, 3267),
('2001-04-10', '2001-04-12', 461, 5, 1, 2070),
('2001-12-08', '2001-12-12', 250, 3, 3, 3289),
('2001-03-22', '2001-03-26', 137, 2, 3, 3586),
('2001-12-26', '2001-12-26', 252, 4, 2, 4084),
('2001-06-05', '2001-06-07', 317, 4, 1, 1413),
('2001-10-15', '2001-10-16', 361, 1, 2, 1456),
('2001-01-29', '2001-02-01', 385, 3, 1, 4884),
('2001-06-19', '2001-06-21', 334, 3, 2, 3617),
('2001-11-14', '2001-11-17', 367, 5, 1, 3412),
('2001-05-15', '2001-05-15', 313, 4, 3, 1280),
('2002-01-25', '2002-01-27', 220, 6, 2, 4822),
('2002-01-14', '2002-01-18', 255, 2, 1, 795),
('2001-03-25', '2001-03-25', 136, 4, 3, 4893),
('2001-08-19', '2001-08-21', 123, 4, 3, 2598),
('2001-08-15', '2001-08-16', 263, 6, 2, 2267),
('2001-03-03', '2001-03-06', 90, 5, 3, 871),
('2001-01-07', '2001-01-07', 56, 5, 1, 3207),
('2001-12-24', '2001-12-26', 310, 6, 3, 2953),
('2001-02-03', '2001-02-03', 433, 2, 3, 1694),
('2001-07-28', '2001-07-28', 187, 4, 3, 3502),
('2001-10-29', '2001-10-29', 47, 2, 1, 1409),
('2002-01-24', '2002-01-24', 40, 4, 3, 3094),
('2001-09-18', '2001-09-18', 228, 6, 3, 3751),
('2001-04-26', '2001-04-30', 12, 2, 3, 777),
('2001-06-29', '2001-06-29', 241, 1, 3, 1663),
('2001-11-16', '2001-11-18', 443, 4, 2, 2385),
('2002-01-30', '2002-02-01', 195, 6, 1, 1148),
('2001-03-31', '2001-04-04', 7, 6, 1, 1829),
('2001-05-29', '2001-05-29', 90, 4, 1, 4327),
('2001-10-25', '2001-10-26', 230, 4, 2, 5217),
('2001-03-01', '2001-03-04', 261, 4, 1, 5180),
('2001-01-06', '2001-01-07', 286, 2, 2, 1639),
('2001-09-06', '2001-09-09', 5, 6, 1, 4709),
('2001-07-08', '2001-07-08', 403, 3, 3, 2069),
('2001-01-21', '2001-01-21', 28, 4, 2, 3272),
('2001-06-17', '2001-06-19', 461, 5, 2, 4759),
('2002-02-02', '2002-02-02', 242, 3, 1, 4179),
('2001-07-31', '2001-08-01', 358, 4, 2, 681),
('2001-04-30', '2001-04-30', 260, 4, 2, 2823),
('2001-03-26', '2001-03-30', 294, 2, 3, 3769),
('2001-03-08', '2001-03-10', 196, 1, 3, 1430),
('2001-03-03', '2001-03-07', 110, 1, 3, 4661),
('2001-05-07', '2001-05-10', 429, 3, 1, 1816);
